start	end	length	n_tets	sum_log2	strong_count	label	seq
1	10	10	7	11.309	4	A_moderate	NNNNAGGGGG
2	11	10	7	13.845	5	A_moderate	NNNAGGGGGG
3	12	10	7	16.381	6	A_high_confidence	NNAGGGGGGG
4	13	10	7	18.917	7	A_high_confidence	NAGGGGGGGG
5	14	10	7	21.319	8	A_high_confidence	AGGGGGGGGG
6	15	10	7	17.753	7	A_high_confidence	GGGGGGGGGC
7	16	10	7	17.619	7	A_high_confidence	GGGGGGGGCC
8	17	10	7	17.619	7	A_high_confidence	GGGGGGGCCC
9	18	10	7	18.783	7	A_high_confidence	GGGGGGCCCC
10	19	10	7	16.247	6	A_high_confidence	GGGGGCCCCT
11	20	10	7	13.711	5	A_moderate	GGGGCCCCTG
12	21	10	7	13.245	5	A_moderate	GGGCCCCTGG
13	22	10	7	13.379	5	A_moderate	GGCCCCTGGG
14	23	10	7	15.781	6	A_high_confidence	GCCCCTGGGG
15	24	10	7	15.781	6	A_high_confidence	CCCCTGGGGG
16	25	10	7	13.379	5	A_moderate	CCCTGGGGGC
17	26	10	7	12.081	5	A_moderate	CCTGGGGGCC
18	27	10	7	14.151	6	A_high_confidence	CTGGGGGCCC
19	28	10	7	14.151	6	A_high_confidence	TGGGGGCCCA
20	29	10	7	12.081	5	A_moderate	GGGGGCCCAA
21	30	10	7	9.545	4	A_moderate	GGGGCCCAAG
22	31	10	7	10.709	4	A_moderate	GGGCCCAAGG
1	11	11	8	13.845	5	A_moderate	NNNNAGGGGGG
2	12	11	8	16.381	6	A_high_confidence	NNNAGGGGGGG
3	13	11	8	18.917	7	A_high_confidence	NNAGGGGGGGG
4	14	11	8	21.319	8	A_high_confidence	NAGGGGGGGGG
5	15	11	8	21.453	8	A_high_confidence	AGGGGGGGGGC
6	16	11	8	20.155	8	A_high_confidence	GGGGGGGGGCC
7	17	11	8	20.155	8	A_high_confidence	GGGGGGGGCCC
8	18	11	8	21.319	8	A_high_confidence	GGGGGGGCCCC
9	19	11	8	18.783	7	A_high_confidence	GGGGGGCCCCT
10	20	11	8	16.247	6	A_high_confidence	GGGGGCCCCTG
11	21	11	8	15.782	6	A_moderate	GGGGCCCCTGG
12	22	11	8	15.781	6	A_moderate	GGGCCCCTGGG
13	23	11	8	15.915	6	A_moderate	GGCCCCTGGGG
14	24	11	8	18.183	7	A_high_confidence	GCCCCTGGGGG
15	25	11	8	15.915	6	A_moderate	CCCCTGGGGGC
16	26	11	8	15.781	6	A_moderate	CCCTGGGGGCC
17	27	11	8	14.151	6	A_moderate	CCTGGGGGCCC
18	28	11	8	14.151	6	A_moderate	CTGGGGGCCCA
19	29	11	8	14.151	6	A_moderate	TGGGGGCCCAA
20	30	11	8	12.081	5	A_moderate	GGGGGCCCAAG
21	31	11	8	13.245	5	A_moderate	GGGGCCCAAGG
1	12	12	9	16.381	6	A_moderate	NNNNAGGGGGGG
2	13	12	9	18.917	7	A_high_confidence	NNNAGGGGGGGG
3	14	12	9	21.319	8	A_high_confidence	NNAGGGGGGGGG
4	15	12	9	21.453	8	A_high_confidence	NAGGGGGGGGGC
5	16	12	9	23.855	9	A_high_confidence	AGGGGGGGGGCC
6	17	12	9	22.691	9	A_high_confidence	GGGGGGGGGCCC
7	18	12	9	23.855	9	A_high_confidence	GGGGGGGGCCCC
8	19	12	9	21.319	8	A_high_confidence	GGGGGGGCCCCT
9	20	12	9	18.783	7	A_high_confidence	GGGGGGCCCCTG
10	21	12	9	18.318	7	A_high_confidence	GGGGGCCCCTGG
11	22	12	9	18.318	7	A_high_confidence	GGGGCCCCTGGG
12	23	12	9	18.318	7	A_high_confidence	GGGCCCCTGGGG
13	24	12	9	18.318	7	A_high_confidence	GGCCCCTGGGGG
14	25	12	9	18.318	7	A_high_confidence	GCCCCTGGGGGC
15	26	12	9	18.318	7	A_high_confidence	CCCCTGGGGGCC
16	27	12	9	17.852	7	A_moderate	CCCTGGGGGCCC
17	28	12	9	14.151	6	A_moderate	CCTGGGGGCCCA
18	29	12	9	14.151	6	A_moderate	CTGGGGGCCCAA
19	30	12	9	14.151	6	A_moderate	TGGGGGCCCAAG
20	31	12	9	15.781	6	A_moderate	GGGGGCCCAAGG
1	13	13	10	18.917	7	A_moderate	NNNNAGGGGGGGG
2	14	13	10	21.319	8	A_high_confidence	NNNAGGGGGGGGG
3	15	13	10	21.453	8	A_high_confidence	NNAGGGGGGGGGC
4	16	13	10	23.855	9	A_high_confidence	NAGGGGGGGGGCC
5	17	13	10	26.392	10	A_high_confidence	AGGGGGGGGGCCC
6	18	13	10	26.392	10	A_high_confidence	GGGGGGGGGCCCC
7	19	13	10	23.855	9	A_high_confidence	GGGGGGGGCCCCT
8	20	13	10	21.319	8	A_high_confidence	GGGGGGGCCCCTG
9	21	13	10	20.854	8	A_high_confidence	GGGGGGCCCCTGG
10	22	13	10	20.854	8	A_high_confidence	GGGGGCCCCTGGG
11	23	13	10	20.854	8	A_high_confidence	GGGGCCCCTGGGG
12	24	13	10	20.72	8	A_high_confidence	GGGCCCCTGGGGG
13	25	13	10	18.452	7	A_moderate	GGCCCCTGGGGGC
14	26	13	10	20.72	8	A_high_confidence	GCCCCTGGGGGCC
15	27	13	10	20.388	8	A_high_confidence	CCCCTGGGGGCCC
16	28	13	10	17.852	7	A_moderate	CCCTGGGGGCCCA
17	29	13	10	14.151	6	A_moderate	CCTGGGGGCCCAA
18	30	13	10	14.151	6	A_moderate	CTGGGGGCCCAAG
19	31	13	10	17.852	7	A_moderate	TGGGGGCCCAAGG
20	32	13	10	15.781	6	A_moderate	GGGGGCCCAAGGG
1	14	14	11	21.319	8	A_moderate	NNNNAGGGGGGGGG
2	15	14	11	21.453	8	A_moderate	NNNAGGGGGGGGGC
3	16	14	11	23.855	9	A_high_confidence	NNAGGGGGGGGGCC
4	17	14	11	26.392	10	A_high_confidence	NAGGGGGGGGGCCC
5	18	14	11	30.092	11	A_high_confidence	AGGGGGGGGGCCCC
6	19	14	11	26.392	10	A_high_confidence	GGGGGGGGGCCCCT
7	20	14	11	23.855	9	A_high_confidence	GGGGGGGGCCCCTG
8	21	14	11	23.39	9	A_high_confidence	GGGGGGGCCCCTGG
9	22	14	11	23.39	9	A_high_confidence	GGGGGGCCCCTGGG
10	23	14	11	23.39	9	A_high_confidence	GGGGGCCCCTGGGG
11	24	14	11	23.256	9	A_high_confidence	GGGGCCCCTGGGGG
12	25	14	11	20.854	8	A_moderate	GGGCCCCTGGGGGC
13	26	14	11	20.854	8	A_moderate	GGCCCCTGGGGGCC
14	27	14	11	22.79	9	A_high_confidence	GCCCCTGGGGGCCC
15	28	14	11	20.388	8	A_moderate	CCCCTGGGGGCCCA
16	29	14	11	17.852	7	A_moderate	CCCTGGGGGCCCAA
18	31	14	11	17.852	7	A_moderate	CTGGGGGCCCAAGG
19	32	14	11	17.852	7	A_moderate	TGGGGGCCCAAGGG
1	15	15	12	21.453	8	A_moderate	NNNNAGGGGGGGGGC
2	16	15	12	23.855	9	A_moderate	NNNAGGGGGGGGGCC
3	17	15	12	26.392	10	A_high_confidence	NNAGGGGGGGGGCCC
4	18	15	12	30.092	11	A_high_confidence	NAGGGGGGGGGCCCC
5	19	15	12	30.092	11	A_high_confidence	AGGGGGGGGGCCCCT
6	20	15	12	26.392	10	A_high_confidence	GGGGGGGGGCCCCTG
7	21	15	12	25.926	10	A_high_confidence	GGGGGGGGCCCCTGG
8	22	15	12	25.926	10	A_high_confidence	GGGGGGGCCCCTGGG
9	23	15	12	25.926	10	A_high_confidence	GGGGGGCCCCTGGGG
10	24	15	12	25.792	10	A_high_confidence	GGGGGCCCCTGGGGG
11	25	15	12	23.39	9	A_moderate	GGGGCCCCTGGGGGC
12	26	15	12	23.256	9	A_moderate	GGGCCCCTGGGGGCC
13	27	15	12	22.924	9	A_moderate	GGCCCCTGGGGGCCC
14	28	15	12	22.79	9	A_moderate	GCCCCTGGGGGCCCA
15	29	15	12	20.388	8	A_moderate	CCCCTGGGGGCCCAA
16	30	15	12	17.852	7	A_moderate	CCCTGGGGGCCCAAG
17	31	15	12	17.852	7	A_moderate	CCTGGGGGCCCAAGG
18	32	15	12	17.852	7	A_moderate	CTGGGGGCCCAAGGG
19	33	15	12	17.852	7	A_moderate	TGGGGGCCCAAGGGN
1	16	16	13	23.855	9	A_moderate	NNNNAGGGGGGGGGCC
2	17	16	13	26.392	10	A_high_confidence	NNNAGGGGGGGGGCCC
3	18	16	13	30.092	11	A_high_confidence	NNAGGGGGGGGGCCCC
4	19	16	13	30.092	11	A_high_confidence	NAGGGGGGGGGCCCCT
5	20	16	13	30.092	11	A_high_confidence	AGGGGGGGGGCCCCTG
6	21	16	13	28.462	11	A_high_confidence	GGGGGGGGGCCCCTGG
7	22	16	13	28.462	11	A_high_confidence	GGGGGGGGCCCCTGGG
8	23	16	13	28.462	11	A_high_confidence	GGGGGGGCCCCTGGGG
9	24	16	13	28.328	11	A_high_confidence	GGGGGGCCCCTGGGGG
10	25	16	13	25.926	10	A_moderate	GGGGGCCCCTGGGGGC
11	26	16	13	25.792	10	A_moderate	GGGGCCCCTGGGGGCC
12	27	16	13	25.326	10	A_moderate	GGGCCCCTGGGGGCCC
13	28	16	13	22.924	9	A_moderate	GGCCCCTGGGGGCCCA
14	29	16	13	22.79	9	A_moderate	GCCCCTGGGGGCCCAA
15	30	16	13	20.388	8	A_moderate	CCCCTGGGGGCCCAAG
16	31	16	13	21.552	8	A_moderate	CCCTGGGGGCCCAAGG
1	17	17	14	26.392	10	A_moderate	NNNNAGGGGGGGGGCCC
2	18	17	14	30.092	11	A_high_confidence	NNNAGGGGGGGGGCCCC
3	19	17	14	30.092	11	A_high_confidence	NNAGGGGGGGGGCCCCT
4	20	17	14	30.092	11	A_high_confidence	NAGGGGGGGGGCCCCTG
5	21	17	14	32.162	12	A_high_confidence	AGGGGGGGGGCCCCTGG
6	22	17	14	30.998	12	A_high_confidence	GGGGGGGGGCCCCTGGG
7	23	17	14	30.998	12	A_high_confidence	GGGGGGGGCCCCTGGGG
8	24	17	14	30.864	12	A_high_confidence	GGGGGGGCCCCTGGGGG
9	25	17	14	28.462	11	A_high_confidence	GGGGGGCCCCTGGGGGC
10	26	17	14	28.328	11	A_high_confidence	GGGGGCCCCTGGGGGCC
11	27	17	14	27.863	11	A_moderate	GGGGCCCCTGGGGGCCC
12	28	17	14	25.326	10	A_moderate	GGGCCCCTGGGGGCCCA
13	29	17	14	22.924	9	A_moderate	GGCCCCTGGGGGCCCAA
14	30	17	14	22.79	9	A_moderate	GCCCCTGGGGGCCCAAG
15	31	17	14	24.088	9	A_moderate	CCCCTGGGGGCCCAAGG
16	32	17	14	21.552	8	A_moderate	CCCTGGGGGCCCAAGGG
1	18	18	15	30.092	11	A_high_confidence	NNNNAGGGGGGGGGCCCC
2	19	18	15	30.092	11	A_high_confidence	NNNAGGGGGGGGGCCCCT
3	20	18	15	30.092	11	A_high_confidence	NNAGGGGGGGGGCCCCTG
4	21	18	15	32.162	12	A_high_confidence	NAGGGGGGGGGCCCCTGG
5	22	18	15	34.698	13	A_high_confidence	AGGGGGGGGGCCCCTGGG
6	23	18	15	33.534	13	A_high_confidence	GGGGGGGGGCCCCTGGGG
7	24	18	15	33.4	13	A_high_confidence	GGGGGGGGCCCCTGGGGG
8	25	18	15	30.998	12	A_high_confidence	GGGGGGGCCCCTGGGGGC
9	26	18	15	30.864	12	A_high_confidence	GGGGGGCCCCTGGGGGCC
10	27	18	15	30.399	12	A_high_confidence	GGGGGCCCCTGGGGGCCC
11	28	18	15	27.863	11	A_moderate	GGGGCCCCTGGGGGCCCA
12	29	18	15	25.326	10	A_moderate	GGGCCCCTGGGGGCCCAA
13	30	18	15	22.924	9	A_moderate	GGCCCCTGGGGGCCCAAG
14	31	18	15	26.49	10	A_moderate	GCCCCTGGGGGCCCAAGG
15	32	18	15	24.088	9	A_moderate	CCCCTGGGGGCCCAAGGG
1	19	19	16	30.092	11	A_moderate	NNNNAGGGGGGGGGCCCCT
2	20	19	16	30.092	11	A_moderate	NNNAGGGGGGGGGCCCCTG
3	21	19	16	32.162	12	A_high_confidence	NNAGGGGGGGGGCCCCTGG
4	22	19	16	34.698	13	A_high_confidence	NAGGGGGGGGGCCCCTGGG
5	23	19	16	37.235	14	A_high_confidence	AGGGGGGGGGCCCCTGGGG
6	24	19	16	35.936	14	A_high_confidence	GGGGGGGGGCCCCTGGGGG
7	25	19	16	33.534	13	A_high_confidence	GGGGGGGGCCCCTGGGGGC
8	26	19	16	33.4	13	A_high_confidence	GGGGGGGCCCCTGGGGGCC
9	27	19	16	32.935	13	A_high_confidence	GGGGGGCCCCTGGGGGCCC
10	28	19	16	30.399	12	A_moderate	GGGGGCCCCTGGGGGCCCA
11	29	19	16	27.863	11	A_moderate	GGGGCCCCTGGGGGCCCAA
12	30	19	16	25.326	10	A_moderate	GGGCCCCTGGGGGCCCAAG
13	31	19	16	26.625	10	A_moderate	GGCCCCTGGGGGCCCAAGG
14	32	19	16	26.49	10	A_moderate	GCCCCTGGGGGCCCAAGGG
1	20	20	17	30.092	11	A_moderate	NNNNAGGGGGGGGGCCCCTG
2	21	20	17	32.162	12	A_moderate	NNNAGGGGGGGGGCCCCTGG
3	22	20	17	34.698	13	A_high_confidence	NNAGGGGGGGGGCCCCTGGG
4	23	20	17	37.235	14	A_high_confidence	NAGGGGGGGGGCCCCTGGGG
5	24	20	17	39.637	15	A_high_confidence	AGGGGGGGGGCCCCTGGGGG
6	25	20	17	36.071	14	A_high_confidence	GGGGGGGGGCCCCTGGGGGC
7	26	20	17	35.937	14	A_high_confidence	GGGGGGGGCCCCTGGGGGCC
8	27	20	17	35.471	14	A_high_confidence	GGGGGGGCCCCTGGGGGCCC
9	28	20	17	32.935	13	A_moderate	GGGGGGCCCCTGGGGGCCCA
10	29	20	17	30.399	12	A_moderate	GGGGGCCCCTGGGGGCCCAA
11	30	20	17	27.863	11	A_moderate	GGGGCCCCTGGGGGCCCAAG
12	31	20	17	29.027	11	A_moderate	GGGCCCCTGGGGGCCCAAGG
13	32	20	17	26.625	10	A_moderate	GGCCCCTGGGGGCCCAAGGG
14	33	20	17	26.49	10	A_moderate	GCCCCTGGGGGCCCAAGGGN
