seq_id	start	end	window_len	n_tets	sum_log2	strong_count	label	window_seq
seq1	8	18	10	7	11.3087	4	A_moderate	TCCAGGGGGG
seq1	9	19	10	7	13.8448	5	A_moderate	CCAGGGGGGG
seq1	10	20	10	7	16.3809	6	A_high_confidence	CAGGGGGGGG
seq1	11	21	10	7	18.917	7	A_high_confidence	AGGGGGGGGG
seq1	12	22	10	7	17.7527	7	A_high_confidence	GGGGGGGGGG
seq1	13	23	10	7	16.0646	6	A_high_confidence	GGGGGGGGGT
seq1	14	24	10	7	13.5285	5	A_moderate	GGGGGGGGTT
seq1	15	25	10	7	10.9924	4	A_moderate	GGGGGGGTTT
seq1	28	38	10	7	12.8937	4	A_moderate	TTTAGGGGGG
seq1	29	39	10	7	15.4298	5	A_high_confidence	TTAGGGGGGG
seq1	30	40	10	7	17.9659	6	A_high_confidence	TAGGGGGGGG
seq1	31	41	10	7	18.917	7	A_high_confidence	AGGGGGGGGG
seq1	32	42	10	7	17.7527	7	A_high_confidence	GGGGGGGGGG
seq1	33	43	10	7	17.6187	7	A_high_confidence	GGGGGGGGGC
seq1	34	44	10	7	15.2169	6	A_high_confidence	GGGGGGGGCC
seq1	35	45	10	7	15.0829	6	A_high_confidence	GGGGGGGCCC
seq1	36	46	10	7	14.6172	6	A_high_confidence	GGGGGGCCCA
seq1	37	47	10	7	12.0811	5	A_moderate	GGGGGCCCAA
seq1	38	48	10	7	9.545	4	A_moderate	GGGGCCCAAA
seq1	60	70	10	7	9.6787	4	A_moderate	CGTTGGGGGG
seq1	61	71	10	7	12.2148	5	A_moderate	GTTGGGGGGG
seq1	62	72	10	7	14.7509	6	A_high_confidence	TTGGGGGGGG
seq1	63	73	10	7	17.287	7	A_high_confidence	TGGGGGGGGG
seq1	64	74	10	7	17.7527	7	A_high_confidence	GGGGGGGGGG
seq1	65	75	10	7	15.2166	6	A_high_confidence	GGGGGGGGGA
seq1	66	76	10	7	12.6805	5	A_moderate	GGGGGGGGAC
seq1	67	77	10	7	10.1444	4	A_moderate	GGGGGGGACC
seq1	8	19	11	8	13.8448	5	A_moderate	TCCAGGGGGGG
seq1	9	20	11	8	16.3809	6	A_high_confidence	CCAGGGGGGGG
seq1	10	21	11	8	18.917	7	A_high_confidence	CAGGGGGGGGG
seq1	11	22	11	8	21.4531	8	A_high_confidence	AGGGGGGGGGG
seq1	12	23	11	8	18.6007	7	A_high_confidence	GGGGGGGGGGT
seq1	13	24	11	8	16.0646	6	A_high_confidence	GGGGGGGGGTT
seq1	14	25	11	8	13.5285	5	A_moderate	GGGGGGGGTTT
seq1	28	39	11	8	15.4298	5	A_moderate	TTTAGGGGGGG
seq1	29	40	11	8	17.9659	6	A_high_confidence	TTAGGGGGGGG
seq1	30	41	11	8	20.502	7	A_high_confidence	TAGGGGGGGGG
seq1	31	42	11	8	21.4531	8	A_high_confidence	AGGGGGGGGGG
seq1	32	43	11	8	20.1548	8	A_high_confidence	GGGGGGGGGGC
seq1	33	44	11	8	17.753	7	A_high_confidence	GGGGGGGGGCC
seq1	34	45	11	8	17.619	7	A_high_confidence	GGGGGGGGCCC
seq1	35	46	11	8	17.1533	7	A_high_confidence	GGGGGGGCCCA
seq1	36	47	11	8	14.6172	6	A_moderate	GGGGGGCCCAA
seq1	37	48	11	8	12.0811	5	A_moderate	GGGGGCCCAAA
seq1	60	71	11	8	12.2148	5	A_moderate	CGTTGGGGGGG
seq1	61	72	11	8	14.7509	6	A_moderate	GTTGGGGGGGG
seq1	62	73	11	8	17.287	7	A_high_confidence	TTGGGGGGGGG
seq1	63	74	11	8	19.8231	8	A_high_confidence	TGGGGGGGGGG
seq1	64	75	11	8	17.7527	7	A_high_confidence	GGGGGGGGGGA
seq1	65	76	11	8	15.2166	6	A_moderate	GGGGGGGGGAC
seq1	66	77	11	8	12.6805	5	A_moderate	GGGGGGGGACC
seq1	8	20	12	9	16.3809	6	A_moderate	TCCAGGGGGGGG
seq1	9	21	12	9	18.917	7	A_high_confidence	CCAGGGGGGGGG
seq1	10	22	12	9	21.4531	8	A_high_confidence	CAGGGGGGGGGG
seq1	11	23	12	9	22.3011	8	A_high_confidence	AGGGGGGGGGGT
seq1	12	24	12	9	18.6007	7	A_high_confidence	GGGGGGGGGGTT
seq1	13	25	12	9	16.0646	6	A_moderate	GGGGGGGGGTTT
seq1	28	40	12	9	17.9659	6	A_moderate	TTTAGGGGGGGG
seq1	29	41	12	9	20.502	7	A_high_confidence	TTAGGGGGGGGG
seq1	30	42	12	9	23.0381	8	A_high_confidence	TAGGGGGGGGGG
seq1	31	43	12	9	23.8552	9	A_high_confidence	AGGGGGGGGGGC
seq1	32	44	12	9	20.2891	8	A_high_confidence	GGGGGGGGGGCC
seq1	33	45	12	9	20.1551	8	A_high_confidence	GGGGGGGGGCCC
seq1	34	46	12	9	19.6894	8	A_high_confidence	GGGGGGGGCCCA
seq1	35	47	12	9	17.1533	7	A_moderate	GGGGGGGCCCAA
seq1	36	48	12	9	14.6172	6	A_moderate	GGGGGGCCCAAA
seq1	60	72	12	9	14.7509	6	A_moderate	CGTTGGGGGGGG
seq1	61	73	12	9	17.287	7	A_moderate	GTTGGGGGGGGG
seq1	62	74	12	9	19.8231	8	A_high_confidence	TTGGGGGGGGGG
seq1	63	75	12	9	19.8231	8	A_high_confidence	TGGGGGGGGGGA
seq1	64	76	12	9	17.7527	7	A_moderate	GGGGGGGGGGAC
seq1	65	77	12	9	15.2166	6	A_moderate	GGGGGGGGGACC
seq1	7	20	13	10	16.3809	6	A_moderate	GTCCAGGGGGGGG
seq1	8	21	13	10	18.917	7	A_moderate	TCCAGGGGGGGGG
seq1	9	22	13	10	21.4531	8	A_high_confidence	CCAGGGGGGGGGG
seq1	10	23	13	10	22.3011	8	A_high_confidence	CAGGGGGGGGGGT
seq1	11	24	13	10	22.3011	8	A_high_confidence	AGGGGGGGGGGTT
seq1	12	25	13	10	18.6007	7	A_moderate	GGGGGGGGGGTTT
seq1	13	26	13	10	16.0646	6	A_moderate	GGGGGGGGGTTTA
seq1	27	40	13	10	17.9659	6	A_moderate	GTTTAGGGGGGGG
seq1	28	41	13	10	20.502	7	A_moderate	TTTAGGGGGGGGG
seq1	29	42	13	10	23.0381	8	A_high_confidence	TTAGGGGGGGGGG
seq1	30	43	13	10	25.4402	9	A_high_confidence	TAGGGGGGGGGGC
seq1	31	44	13	10	23.9895	9	A_high_confidence	AGGGGGGGGGGCC
seq1	32	45	13	10	22.6912	9	A_high_confidence	GGGGGGGGGGCCC
seq1	33	46	13	10	22.2255	9	A_high_confidence	GGGGGGGGGCCCA
seq1	34	47	13	10	19.6894	8	A_moderate	GGGGGGGGCCCAA
seq1	35	48	13	10	17.1533	7	A_moderate	GGGGGGGCCCAAA
seq1	36	49	13	10	14.6172	6	A_moderate	GGGGGGCCCAAAT
seq1	59	72	13	10	14.7509	6	A_moderate	ACGTTGGGGGGGG
seq1	60	73	13	10	17.287	7	A_moderate	CGTTGGGGGGGGG
seq1	61	74	13	10	19.8231	8	A_moderate	GTTGGGGGGGGGG
seq1	62	75	13	10	19.8231	8	A_moderate	TTGGGGGGGGGGA
seq1	63	76	13	10	19.8231	8	A_moderate	TGGGGGGGGGGAC
seq1	64	77	13	10	17.7527	7	A_moderate	GGGGGGGGGGACC
seq1	65	78	13	10	16.0646	6	A_moderate	GGGGGGGGGACCC
seq1	66	79	13	10	16.0646	6	A_moderate	GGGGGGGGACCCC
seq1	7	21	14	11	18.917	7	A_moderate	GTCCAGGGGGGGGG
seq1	8	22	14	11	21.4531	8	A_moderate	TCCAGGGGGGGGGG
seq1	9	23	14	11	22.3011	8	A_high_confidence	CCAGGGGGGGGGGT
seq1	10	24	14	11	22.3011	8	A_high_confidence	CAGGGGGGGGGGTT
seq1	11	25	14	11	22.3011	8	A_high_confidence	AGGGGGGGGGGTTT
seq1	12	26	14	11	18.6007	7	A_moderate	GGGGGGGGGGTTTA
seq1	27	41	14	11	20.502	7	A_moderate	GTTTAGGGGGGGGG
seq1	28	42	14	11	23.0381	8	A_high_confidence	TTTAGGGGGGGGGG
seq1	29	43	14	11	25.4402	9	A_high_confidence	TTAGGGGGGGGGGC
seq1	30	44	14	11	25.5745	9	A_high_confidence	TAGGGGGGGGGGCC
seq1	31	45	14	11	26.3916	10	A_high_confidence	AGGGGGGGGGGCCC
seq1	32	46	14	11	24.7616	10	A_high_confidence	GGGGGGGGGGCCCA
seq1	33	47	14	11	22.2255	9	A_high_confidence	GGGGGGGGGCCCAA
seq1	34	48	14	11	19.6894	8	A_moderate	GGGGGGGGCCCAAA
seq1	35	49	14	11	17.1533	7	A_moderate	GGGGGGGCCCAAAT
seq1	59	73	14	11	17.287	7	A_moderate	ACGTTGGGGGGGGG
seq1	60	74	14	11	19.8231	8	A_moderate	CGTTGGGGGGGGGG
seq1	61	75	14	11	19.8231	8	A_moderate	GTTGGGGGGGGGGA
seq1	62	76	14	11	19.8231	8	A_moderate	TTGGGGGGGGGGAC
seq1	63	77	14	11	19.8231	8	A_moderate	TGGGGGGGGGGACC
seq1	64	78	14	11	18.6007	7	A_moderate	GGGGGGGGGGACCC
seq1	65	79	14	11	18.6007	7	A_moderate	GGGGGGGGGACCCC
seq1	6	21	15	12	18.917	7	A_moderate	AGTCCAGGGGGGGGG
seq1	7	22	15	12	21.4531	8	A_moderate	GTCCAGGGGGGGGGG
seq1	8	23	15	12	22.3011	8	A_moderate	TCCAGGGGGGGGGGT
seq1	9	24	15	12	22.3011	8	A_moderate	CCAGGGGGGGGGGTT
seq1	10	25	15	12	22.3011	8	A_moderate	CAGGGGGGGGGGTTT
seq1	11	26	15	12	22.3011	8	A_moderate	AGGGGGGGGGGTTTA
seq1	12	27	15	12	18.6007	7	A_moderate	GGGGGGGGGGTTTAC
seq1	26	41	15	12	20.502	7	A_moderate	CGTTTAGGGGGGGGG
seq1	27	42	15	12	23.0381	8	A_moderate	GTTTAGGGGGGGGGG
seq1	28	43	15	12	25.4402	9	A_high_confidence	TTTAGGGGGGGGGGC
seq1	29	44	15	12	25.5745	9	A_high_confidence	TTAGGGGGGGGGGCC
seq1	30	45	15	12	27.9766	10	A_high_confidence	TAGGGGGGGGGGCCC
seq1	31	46	15	12	28.462	11	A_high_confidence	AGGGGGGGGGGCCCA
seq1	32	47	15	12	24.7616	10	A_high_confidence	GGGGGGGGGGCCCAA
seq1	33	48	15	12	22.2255	9	A_moderate	GGGGGGGGGCCCAAA
seq1	34	49	15	12	19.6894	8	A_moderate	GGGGGGGGCCCAAAT
seq1	35	50	15	12	17.1533	7	A_moderate	GGGGGGGCCCAAATT
seq1	58	73	15	12	17.287	7	A_moderate	TACGTTGGGGGGGGG
seq1	59	74	15	12	19.8231	8	A_moderate	ACGTTGGGGGGGGGG
seq1	60	75	15	12	19.8231	8	A_moderate	CGTTGGGGGGGGGGA
seq1	61	76	15	12	19.8231	8	A_moderate	GTTGGGGGGGGGGAC
seq1	62	77	15	12	19.8231	8	A_moderate	TTGGGGGGGGGGACC
seq1	63	78	15	12	20.6711	8	A_moderate	TGGGGGGGGGGACCC
seq1	64	79	15	12	21.1368	8	A_moderate	GGGGGGGGGGACCCC
seq1	65	80	15	12	19.4487	7	A_moderate	GGGGGGGGGACCCCG
seq1	6	22	16	13	21.4531	8	A_moderate	AGTCCAGGGGGGGGGG
seq1	7	23	16	13	22.3011	8	A_moderate	GTCCAGGGGGGGGGGT
seq1	8	24	16	13	22.3011	8	A_moderate	TCCAGGGGGGGGGGTT
seq1	9	25	16	13	22.3011	8	A_moderate	CCAGGGGGGGGGGTTT
seq1	10	26	16	13	22.3011	8	A_moderate	CAGGGGGGGGGGTTTA
seq1	11	27	16	13	22.3011	8	A_moderate	AGGGGGGGGGGTTTAC
seq1	26	42	16	13	23.0381	8	A_moderate	CGTTTAGGGGGGGGGG
seq1	27	43	16	13	25.4402	9	A_moderate	GTTTAGGGGGGGGGGC
seq1	28	44	16	13	25.5745	9	A_moderate	TTTAGGGGGGGGGGCC
seq1	29	45	16	13	27.9766	10	A_high_confidence	TTAGGGGGGGGGGCCC
seq1	30	46	16	13	30.047	11	A_high_confidence	TAGGGGGGGGGGCCCA
seq1	31	47	16	13	28.462	11	A_high_confidence	AGGGGGGGGGGCCCAA
seq1	32	48	16	13	24.7616	10	A_moderate	GGGGGGGGGGCCCAAA
seq1	33	49	16	13	22.2255	9	A_moderate	GGGGGGGGGCCCAAAT
seq1	34	50	16	13	19.6894	8	A_moderate	GGGGGGGGCCCAAATT
seq1	58	74	16	13	19.8231	8	A_moderate	TACGTTGGGGGGGGGG
seq1	59	75	16	13	19.8231	8	A_moderate	ACGTTGGGGGGGGGGA
seq1	60	76	16	13	19.8231	8	A_moderate	CGTTGGGGGGGGGGAC
seq1	61	77	16	13	19.8231	8	A_moderate	GTTGGGGGGGGGGACC
seq1	62	78	16	13	20.6711	8	A_moderate	TTGGGGGGGGGGACCC
seq1	63	79	16	13	23.2072	9	A_moderate	TGGGGGGGGGGACCCC
seq1	64	80	16	13	21.9848	8	A_moderate	GGGGGGGGGGACCCCG
seq1	5	22	17	14	21.4531	8	A_moderate	AAGTCCAGGGGGGGGGG
seq1	6	23	17	14	22.3011	8	A_moderate	AGTCCAGGGGGGGGGGT
seq1	7	24	17	14	22.3011	8	A_moderate	GTCCAGGGGGGGGGGTT
seq1	8	25	17	14	22.3011	8	A_moderate	TCCAGGGGGGGGGGTTT
seq1	9	26	17	14	22.3011	8	A_moderate	CCAGGGGGGGGGGTTTA
seq1	10	27	17	14	22.3011	8	A_moderate	CAGGGGGGGGGGTTTAC
seq1	11	28	17	14	22.3011	8	A_moderate	AGGGGGGGGGGTTTACG
seq1	25	42	17	14	23.0381	8	A_moderate	ACGTTTAGGGGGGGGGG
seq1	26	43	17	14	25.4402	9	A_moderate	CGTTTAGGGGGGGGGGC
seq1	27	44	17	14	25.5745	9	A_moderate	GTTTAGGGGGGGGGGCC
seq1	28	45	17	14	27.9766	10	A_moderate	TTTAGGGGGGGGGGCCC
seq1	29	46	17	14	30.047	11	A_high_confidence	TTAGGGGGGGGGGCCCA
seq1	30	47	17	14	30.047	11	A_high_confidence	TAGGGGGGGGGGCCCAA
seq1	31	48	17	14	28.462	11	A_high_confidence	AGGGGGGGGGGCCCAAA
seq1	32	49	17	14	24.7616	10	A_moderate	GGGGGGGGGGCCCAAAT
seq1	33	50	17	14	22.2255	9	A_moderate	GGGGGGGGGCCCAAATT
seq1	34	51	17	14	19.6894	8	A_moderate	GGGGGGGGCCCAAATTT
seq1	57	74	17	14	19.8231	8	A_moderate	GTACGTTGGGGGGGGGG
seq1	58	75	17	14	19.8231	8	A_moderate	TACGTTGGGGGGGGGGA
seq1	59	76	17	14	19.8231	8	A_moderate	ACGTTGGGGGGGGGGAC
seq1	60	77	17	14	19.8231	8	A_moderate	CGTTGGGGGGGGGGACC
seq1	61	78	17	14	20.6711	8	A_moderate	GTTGGGGGGGGGGACCC
seq1	62	79	17	14	23.2072	9	A_moderate	TTGGGGGGGGGGACCCC
seq1	63	80	17	14	24.0552	9	A_moderate	TGGGGGGGGGGACCCCG
seq1	64	81	17	14	21.9848	8	A_moderate	GGGGGGGGGGACCCCGC
seq1	25	43	18	15	25.4402	9	A_moderate	ACGTTTAGGGGGGGGGGC
seq1	26	44	18	15	25.5745	9	A_moderate	CGTTTAGGGGGGGGGGCC
seq1	27	45	18	15	27.9766	10	A_moderate	GTTTAGGGGGGGGGGCCC
seq1	28	46	18	15	30.047	11	A_high_confidence	TTTAGGGGGGGGGGCCCA
seq1	29	47	18	15	30.047	11	A_high_confidence	TTAGGGGGGGGGGCCCAA
seq1	30	48	18	15	30.047	11	A_high_confidence	TAGGGGGGGGGGCCCAAA
seq1	31	49	18	15	28.462	11	A_moderate	AGGGGGGGGGGCCCAAAT
seq1	32	50	18	15	24.7616	10	A_moderate	GGGGGGGGGGCCCAAATT
seq1	33	51	18	15	22.2255	9	A_moderate	GGGGGGGGGCCCAAATTT
seq1	61	79	18	15	23.2072	9	A_moderate	GTTGGGGGGGGGGACCCC
seq1	62	80	18	15	24.0552	9	A_moderate	TTGGGGGGGGGGACCCCG
seq1	63	81	18	15	24.0552	9	A_moderate	TGGGGGGGGGGACCCCGC
seq1	26	45	19	16	27.9766	10	A_moderate	CGTTTAGGGGGGGGGGCCC
seq1	27	46	19	16	30.047	11	A_moderate	GTTTAGGGGGGGGGGCCCA
seq1	28	47	19	16	30.047	11	A_moderate	TTTAGGGGGGGGGGCCCAA
seq1	29	48	19	16	30.047	11	A_moderate	TTAGGGGGGGGGGCCCAAA
seq1	30	49	19	16	30.047	11	A_moderate	TAGGGGGGGGGGCCCAAAT
seq1	31	50	19	16	28.462	11	A_moderate	AGGGGGGGGGGCCCAAATT
seq1	32	51	19	16	24.7616	10	A_moderate	GGGGGGGGGGCCCAAATTT
seq1	25	45	20	17	27.9766	10	A_moderate	ACGTTTAGGGGGGGGGGCCC
seq1	26	46	20	17	30.047	11	A_moderate	CGTTTAGGGGGGGGGGCCCA
seq1	27	47	20	17	30.047	11	A_moderate	GTTTAGGGGGGGGGGCCCAA
seq1	28	48	20	17	30.047	11	A_moderate	TTTAGGGGGGGGGGCCCAAA
seq1	29	49	20	17	30.047	11	A_moderate	TTAGGGGGGGGGGCCCAAAT
seq1	30	50	20	17	30.047	11	A_moderate	TAGGGGGGGGGGCCCAAATT
seq1	31	51	20	17	28.462	11	A_moderate	AGGGGGGGGGGCCCAAATTT
seq1	32	52	20	17	24.7616	10	A_moderate	GGGGGGGGGGCCCAAATTTA
seq1	63	83	20	17	26.4573	10	A_moderate	TGGGGGGGGGGACCCCGCCC
seq1	64	84	20	17	26.4573	10	A_moderate	GGGGGGGGGGACCCCGCCCA
