ID,Sequence_Name,Class,Subclass,Start,End,Length,Sequence,Score,Strand,Method,Pattern_ID
"NC_000913.3:1-10000 Escherichia coli str. K-12 substr. MG1655, complete genome (sample: first 10kb)_ZDNA_1","NC_000913.3:1-10000 Escherichia coli str. K-12 substr. MG1655, complete genome (sample: first 10kb)",Z-DNA,Z-DNA,1,10,10,AGCTTTTCAT,106.25,+,Z-DNA_detection,ZDNA_1
"NC_000913.3:1-10000 Escherichia coli str. K-12 substr. MG1655, complete genome (sample: first 10kb)_CRV_TRACT_47","NC_000913.3:1-10000 Escherichia coli str. K-12 substr. MG1655, complete genome (sample: first 10kb)",Curved_DNA,Local Curvature,47,53,7,AAAAAAA,0.538,+,Curved_DNA_detection,CRV_TRACT_1
"NC_000913.3:1-10000 Escherichia coli str. K-12 substr. MG1655, complete genome (sample: first 10kb)_IM_7_3_206","NC_000913.3:1-10000 Escherichia coli str. K-12 substr. MG1655, complete genome (sample: first 10kb)",i-Motif,relaxed_imotif,206,234,29,CCACCATTACCACCACCATCACCATTACC,2.56,+,i-Motif_detection,IM_7_3
"NC_000913.3:1-10000 Escherichia coli str. K-12 substr. MG1655, complete genome (sample: first 10kb)_CRU_276","NC_000913.3:1-10000 Escherichia coli str. K-12 substr. MG1655, complete genome (sample: first 10kb)",Cruciform,Inverted_Repeat,276,305,30,AAAAGCCCGCACCTGACAGTGCGGGCTTTT,0.564,+,Cruciform_detection,CRU_1
"NC_000913.3:1-10000 Escherichia coli str. K-12 substr. MG1655, complete genome (sample: first 10kb)_CRV_TRACT_302","NC_000913.3:1-10000 Escherichia coli str. K-12 substr. MG1655, complete genome (sample: first 10kb)",Curved_DNA,Local Curvature,302,310,9,TTTTTTTTT,0.6,+,Curved_DNA_detection,CRV_TRACT_2
"NC_000913.3:1-10000 Escherichia coli str. K-12 substr. MG1655, complete genome (sample: first 10kb)_G4_6_7_355","NC_000913.3:1-10000 Escherichia coli str. K-12 substr. MG1655, complete genome (sample: first 10kb)",G-Quadruplex,Bipartite G4,355,436,82,GGCGGTACATCAGTGGCAAATGCAGAACGTTTTCTGCGTGTTGCCGATATTCTGGAAAGCAATGCCAGGCAGGGGCAGGTGG,1.804,+,G-Quadruplex_detection,G4_6_7
"NC_000913.3:1-10000 Escherichia coli str. K-12 substr. MG1655, complete genome (sample: first 10kb)_CRU_376","NC_000913.3:1-10000 Escherichia coli str. K-12 substr. MG1655, complete genome (sample: first 10kb)",Cruciform,Inverted_Repeat,376,391,16,GCAGAACGTTTTCTGC,0.411,+,Cruciform_detection,CRU_2
"NC_000913.3:1-10000 Escherichia coli str. K-12 substr. MG1655, complete genome (sample: first 10kb)_CRU_426","NC_000913.3:1-10000 Escherichia coli str. K-12 substr. MG1655, complete genome (sample: first 10kb)",Cruciform,Inverted_Repeat,426,455,30,GGGGCAGGTGGCCACCGTCCTCTCTGCCCC,0.392,+,Cruciform_detection,CRU_3
"NC_000913.3:1-10000 Escherichia coli str. K-12 substr. MG1655, complete genome (sample: first 10kb)_IM_7_3_437","NC_000913.3:1-10000 Escherichia coli str. K-12 substr. MG1655, complete genome (sample: first 10kb)",i-Motif,relaxed_imotif,437,475,39,CCACCGTCCTCTCTGCCCCCGCCAAAATCACCAACCACC,3.46,+,i-Motif_detection,IM_7_3
"NC_000913.3:1-10000 Escherichia coli str. K-12 substr. MG1655, complete genome (sample: first 10kb)_RLP_GC_451","NC_000913.3:1-10000 Escherichia coli str. K-12 substr. MG1655, complete genome (sample: first 10kb)",R-Loop,R-loop formation sites,451,459,9,GCCCCCGCC,0.8,+,R-Loop_detection,RLP_GC_451
"NC_000913.3:1-10000 Escherichia coli str. K-12 substr. MG1655, complete genome (sample: first 10kb)_IM_7_3_497","NC_000913.3:1-10000 Escherichia coli str. K-12 substr. MG1655, complete genome (sample: first 10kb)",i-Motif,relaxed_imotif,497,537,41,CCATTAGCGGCCAGGATGCTTTACCCAATATCAGCGATGCC,1.884,+,i-Motif_detection,IM_7_3
"NC_000913.3:1-10000 Escherichia coli str. K-12 substr. MG1655, complete genome (sample: first 10kb)_RLP_GC_570","NC_000913.3:1-10000 Escherichia coli str. K-12 substr. MG1655, complete genome (sample: first 10kb)",R-Loop,R-loop formation sites,570,580,11,CGCCGCCGCCC,0.8,+,R-Loop_detection,RLP_GC_570
"NC_000913.3:1-10000 Escherichia coli str. K-12 substr. MG1655, complete genome (sample: first 10kb)_IM_7_3_572","NC_000913.3:1-10000 Escherichia coli str. K-12 substr. MG1655, complete genome (sample: first 10kb)",i-Motif,relaxed_imotif,572,593,22,CCGCCGCCCAGCCGGGGTTCCC,1.992,+,i-Motif_detection,IM_7_3
"NC_000913.3:1-10000 Escherichia coli str. K-12 substr. MG1655, complete genome (sample: first 10kb)_CRU_711","NC_000913.3:1-10000 Escherichia coli str. K-12 substr. MG1655, complete genome (sample: first 10kb)",Cruciform,Inverted_Repeat,711,733,23,TGGCGAGAAAATGTCGATCGCCA,0.381,+,Cruciform_detection,CRU_4
"NC_000913.3:1-10000 Escherichia coli str. K-12 substr. MG1655, complete genome (sample: first 10kb)_RLP_GC_738","NC_000913.3:1-10000 Escherichia coli str. K-12 substr. MG1655, complete genome (sample: first 10kb)",R-Loop,R-loop formation sites,738,745,8,GGCCGGCG,0.8,+,R-Loop_detection,RLP_GC_738
"NC_000913.3:1-10000 Escherichia coli str. K-12 substr. MG1655, complete genome (sample: first 10kb)_RLP_GC_754","NC_000913.3:1-10000 Escherichia coli str. K-12 substr. MG1655, complete genome (sample: first 10kb)",R-Loop,R-loop formation sites,754,761,8,GCGCGCGG,0.8,+,R-Loop_detection,RLP_GC_754
"NC_000913.3:1-10000 Escherichia coli str. K-12 substr. MG1655, complete genome (sample: first 10kb)_IM_7_3_845","NC_000913.3:1-10000 Escherichia coli str. K-12 substr. MG1655, complete genome (sample: first 10kb)",i-Motif,relaxed_imotif,845,875,31,CCACCCGCCGTATTGCGGCAAGCCGCATTCC,2.216,+,i-Motif_detection,IM_7_3
"NC_000913.3:1-10000 Escherichia coli str. K-12 substr. MG1655, complete genome (sample: first 10kb)_G4_6_7_861","NC_000913.3:1-10000 Escherichia coli str. K-12 substr. MG1655, complete genome (sample: first 10kb)",G-Quadruplex,Bipartite G4,861,944,84,GGCAAGCCGCATTCCGGCTGATCACATGGTGCTGATGGCAGGTTTCACCGCCGGTAATGAAAAAGGCGAACTGGTGGTGCTTGG,2.15,+,G-Quadruplex_detection,G4_6_7
"NC_000913.3:1-10000 Escherichia coli str. K-12 substr. MG1655, complete genome (sample: first 10kb)_G4_6_9_876","NC_000913.3:1-10000 Escherichia coli str. K-12 substr. MG1655, complete genome (sample: first 10kb)",G-Quadruplex,Multimeric G4,876,953,78,GGCTGATCACATGGTGCTGATGGCAGGTTTCACCGCCGGTAATGAAAAAGGCGAACTGGTGGTGCTTGGACGCAACGG,1.997,+,G-Quadruplex_detection,G4_6_9
"NC_000913.3:1-10000 Escherichia coli str. K-12 substr. MG1655, complete genome (sample: first 10kb)_G4_6_6_913","NC_000913.3:1-10000 Escherichia coli str. K-12 substr. MG1655, complete genome (sample: first 10kb)",G-Quadruplex,Bulged G4,913,953,41,GGTAATGAAAAAGGCGAACTGGTGGTGCTTGGACGCAACGG,0.787,+,G-Quadruplex_detection,G4_6_6
"NC_000913.3:1-10000 Escherichia coli str. K-12 substr. MG1655, complete genome (sample: first 10kb)_CRU_946","NC_000913.3:1-10000 Escherichia coli str. K-12 substr. MG1655, complete genome (sample: first 10kb)",Cruciform,Inverted_Repeat,946,1006,61,CGCAACGGTTCCGACTACTCTGCTGCGGTGCTGGCTGCCTGTTTACGCGCCGATTGTTGCG,0.219,+,Cruciform_detection,CRU_5
"NC_000913.3:1-10000 Escherichia coli str. K-12 substr. MG1655, complete genome (sample: first 10kb)_CRU_1096","NC_000913.3:1-10000 Escherichia coli str. K-12 substr. MG1655, complete genome (sample: first 10kb)",Cruciform,Inverted_Repeat,1096,1157,62,GCGATGGAGCTTTCCTACTTCGGCGCTAAAGTTCTTCACCCCCGCACCATTACCCCCATCGC,0.243,+,Cruciform_detection,CRU_6
"NC_000913.3:1-10000 Escherichia coli str. K-12 substr. MG1655, complete genome (sample: first 10kb)_IM_7_3_1134","NC_000913.3:1-10000 Escherichia coli str. K-12 substr. MG1655, complete genome (sample: first 10kb)",i-Motif,relaxed_imotif,1134,1177,44,CCCCCGCACCATTACCCCCATCGCCCAGTTCCAGATCCCTTGCC,3.96,+,i-Motif_detection,IM_7_3
"NC_000913.3:1-10000 Escherichia coli str. K-12 substr. MG1655, complete genome (sample: first 10kb)_G4_6_7_1251","NC_000913.3:1-10000 Escherichia coli str. K-12 substr. MG1655, complete genome (sample: first 10kb)",G-Quadruplex,Bipartite G4,1251,1333,83,GGTCAAGGGCATTTCCAATCTGAATAACATGGCAATGTTCAGCGTTTCTGGTCCGGGGATGAAAGGGATGGTCGGCATGGCGG,2.736,+,G-Quadruplex_detection,G4_6_7
"NC_000913.3:1-10000 Escherichia coli str. K-12 substr. MG1655, complete genome (sample: first 10kb)_G4_6_6_1257","NC_000913.3:1-10000 Escherichia coli str. K-12 substr. MG1655, complete genome (sample: first 10kb)",G-Quadruplex,Bulged G4,1257,1317,61,GGGCATTTCCAATCTGAATAACATGGCAATGTTCAGCGTTTCTGGTCCGGGGATGAAAGGG,1.093,+,G-Quadruplex_detection,G4_6_6
"NC_000913.3:1-10000 Escherichia coli str. K-12 substr. MG1655, complete genome (sample: first 10kb)_G4_6_3_1300","NC_000913.3:1-10000 Escherichia coli str. K-12 substr. MG1655, complete genome (sample: first 10kb)",G-Quadruplex,Relaxed G4,1300,1333,34,GGTCCGGGGATGAAAGGGATGGTCGGCATGGCGG,0.929,+,G-Quadruplex_detection,G4_6_3
"NC_000913.3:1-10000 Escherichia coli str. K-12 substr. MG1655, complete genome (sample: first 10kb)_G4_6_9_1300","NC_000913.3:1-10000 Escherichia coli str. K-12 substr. MG1655, complete genome (sample: first 10kb)",G-Quadruplex,Multimeric G4,1300,1333,34,GGTCCGGGGATGAAAGGGATGGTCGGCATGGCGG,0.929,+,G-Quadruplex_detection,G4_6_9
"NC_000913.3:1-10000 Escherichia coli str. K-12 substr. MG1655, complete genome (sample: first 10kb)_RLP_GC_1329","NC_000913.3:1-10000 Escherichia coli str. K-12 substr. MG1655, complete genome (sample: first 10kb)",R-Loop,R-loop formation sites,1329,1339,11,GGCGGCGCGCG,0.8,+,R-Loop_detection,RLP_GC_1329
"NC_000913.3:1-10000 Escherichia coli str. K-12 substr. MG1655, complete genome (sample: first 10kb)_RLP_GC_1357","NC_000913.3:1-10000 Escherichia coli str. K-12 substr. MG1655, complete genome (sample: first 10kb)",R-Loop,R-loop formation sites,1357,1364,8,CGCGCCCG,0.8,+,R-Loop_detection,RLP_GC_1357
"NC_000913.3:1-10000 Escherichia coli str. K-12 substr. MG1655, complete genome (sample: first 10kb)_G4_6_6_1451","NC_000913.3:1-10000 Escherichia coli str. K-12 substr. MG1655, complete genome (sample: first 10kb)",G-Quadruplex,Bulged G4,1451,1507,57,GGGCAATGCAGGAAGAGTTCTACCTGGAACTGAAAGAAGGCTTACTGGAGCCGCTGG,0.942,+,G-Quadruplex_detection,G4_6_6
"NC_000913.3:1-10000 Escherichia coli str. K-12 substr. MG1655, complete genome (sample: first 10kb)_G4_6_7_1451","NC_000913.3:1-10000 Escherichia coli str. K-12 substr. MG1655, complete genome (sample: first 10kb)",G-Quadruplex,Bipartite G4,1451,1525,75,GGGCAATGCAGGAAGAGTTCTACCTGGAACTGAAAGAAGGCTTACTGGAGCCGCTGGCAGTGACGGAACGGCTGG,1.607,+,G-Quadruplex_detection,G4_6_7
"NC_000913.3:1-10000 Escherichia coli str. K-12 substr. MG1655, complete genome (sample: first 10kb)_G4_6_9_1489","NC_000913.3:1-10000 Escherichia coli str. K-12 substr. MG1655, complete genome (sample: first 10kb)",G-Quadruplex,Multimeric G4,1489,1550,62,GGCTTACTGGAGCCGCTGGCAGTGACGGAACGGCTGGCCATTATCTCGGTGGTAGGTGATGG,1.389,+,G-Quadruplex_detection,G4_6_9
"NC_000913.3:1-10000 Escherichia coli str. K-12 substr. MG1655, complete genome (sample: first 10kb)_RLP_GC_1596","NC_000913.3:1-10000 Escherichia coli str. K-12 substr. MG1655, complete genome (sample: first 10kb)",R-Loop,R-loop formation sites,1596,1605,10,GGCCCGCGCC,0.8,+,R-Loop_detection,RLP_GC_1596
"NC_000913.3:1-10000 Escherichia coli str. K-12 substr. MG1655, complete genome (sample: first 10kb)_G4_6_7_1936","NC_000913.3:1-10000 Escherichia coli str. K-12 substr. MG1655, complete genome (sample: first 10kb)",G-Quadruplex,Bipartite G4,1936,1995,60,GGGTCGCATCGCTGTTCGCCGTGAGGCTGGTCGCGCTTTTTTGACGTACTGGCACGGCGG,0.8,+,G-Quadruplex_detection,G4_6_7
"NC_000913.3:1-10000 Escherichia coli str. K-12 substr. MG1655, complete genome (sample: first 10kb)_RLP_GC_2004","NC_000913.3:1-10000 Escherichia coli str. K-12 substr. MG1655, complete genome (sample: first 10kb)",R-Loop,R-loop formation sites,2004,2011,8,CGGCCGCG,0.8,+,R-Loop_detection,RLP_GC_2004
"NC_000913.3:1-10000 Escherichia coli str. K-12 substr. MG1655, complete genome (sample: first 10kb)_CRU_2141","NC_000913.3:1-10000 Escherichia coli str. K-12 substr. MG1655, complete genome (sample: first 10kb)",Cruciform,Inverted_Repeat,2141,2171,31,AGCGTGCGTTTGACCAAGGTGCGGTCACGCT,0.347,+,Cruciform_detection,CRU_7
"NC_000913.3:1-10000 Escherichia coli str. K-12 substr. MG1655, complete genome (sample: first 10kb)_CRU_2191","NC_000913.3:1-10000 Escherichia coli str. K-12 substr. MG1655, complete genome (sample: first 10kb)",Cruciform,Inverted_Repeat,2191,2241,51,GCTGACATTCAGCCGCAGACGCTGCAGCGCAAACAGCAGGGAGCTGTCAGC,0.294,+,Cruciform_detection,CRU_8
"NC_000913.3:1-10000 Escherichia coli str. K-12 substr. MG1655, complete genome (sample: first 10kb)_CRU_2501","NC_000913.3:1-10000 Escherichia coli str. K-12 substr. MG1655, complete genome (sample: first 10kb)",Cruciform,Inverted_Repeat,2501,2545,45,GCGCATGATGACCGTGTTGATGATGTCGCTGGAAGGTAAATGCGC,0.287,+,Cruciform_detection,CRU_9
"NC_000913.3:1-10000 Escherichia coli str. K-12 substr. MG1655, complete genome (sample: first 10kb)_CRU_2746","NC_000913.3:1-10000 Escherichia coli str. K-12 substr. MG1655, complete genome (sample: first 10kb)",Cruciform,Inverted_Repeat,2746,2773,28,TGCTGAATAAAGAACGTATTGCTCAGCA,0.36,+,Cruciform_detection,CRU_10
"NC_000913.3:1-10000 Escherichia coli str. K-12 substr. MG1655, complete genome (sample: first 10kb)_CRU_2791","NC_000913.3:1-10000 Escherichia coli str. K-12 substr. MG1655, complete genome (sample: first 10kb)",Cruciform,Inverted_Repeat,2791,2812,22,GTAAAGTTAAGGTTATCTTTAC,0.386,+,Cruciform_detection,CRU_11
"NC_000913.3:1-10000 Escherichia coli str. K-12 substr. MG1655, complete genome (sample: first 10kb)_G4_6_7_2843","NC_000913.3:1-10000 Escherichia coli str. K-12 substr. MG1655, complete genome (sample: first 10kb)",G-Quadruplex,Bipartite G4,2843,2917,75,GGTCGATAGCCATAAAGCGCAGGGTCAGGAAGACGCTGAGCAGCAGGCTTATCAGTTATTGGCTGCCGGTCAGGG,1.406,+,G-Quadruplex_detection,G4_6_7
"NC_000913.3:1-10000 Escherichia coli str. K-12 substr. MG1655, complete genome (sample: first 10kb)_G4_6_6_2864","NC_000913.3:1-10000 Escherichia coli str. K-12 substr. MG1655, complete genome (sample: first 10kb)",G-Quadruplex,Bulged G4,2864,2917,54,GGGTCAGGAAGACGCTGAGCAGCAGGCTTATCAGTTATTGGCTGCCGGTCAGGG,0.922,+,G-Quadruplex_detection,G4_6_6
"NC_000913.3:1-10000 Escherichia coli str. K-12 substr. MG1655, complete genome (sample: first 10kb)_CRU_2926","NC_000913.3:1-10000 Escherichia coli str. K-12 substr. MG1655, complete genome (sample: first 10kb)",Cruciform,Inverted_Repeat,2926,2950,25,TCAATAAACGTGAAGCGGATATTGA,0.373,+,Cruciform_detection,CRU_12
"NC_000913.3:1-10000 Escherichia coli str. K-12 substr. MG1655, complete genome (sample: first 10kb)_RLP_GC_3129","NC_000913.3:1-10000 Escherichia coli str. K-12 substr. MG1655, complete genome (sample: first 10kb)",R-Loop,R-loop formation sites,3129,3137,9,GCCCGCGCG,0.8,+,R-Loop_detection,RLP_GC_3129
"NC_000913.3:1-10000 Escherichia coli str. K-12 substr. MG1655, complete genome (sample: first 10kb)_G4_6_7_3287","NC_000913.3:1-10000 Escherichia coli str. K-12 substr. MG1655, complete genome (sample: first 10kb)",G-Quadruplex,Bipartite G4,3287,3354,68,GGATCAAGTAGCACGTACGCTGACGCTGGTGAAAGCGGCACGTAATCTGGTTAAACTGGATAAAGAGG,0.979,+,G-Quadruplex_detection,G4_6_7
"NC_000913.3:1-10000 Escherichia coli str. K-12 substr. MG1655, complete genome (sample: first 10kb)_G4_6_6_3380","NC_000913.3:1-10000 Escherichia coli str. K-12 substr. MG1655, complete genome (sample: first 10kb)",G-Quadruplex,Bulged G4,3380,3435,56,GGAAATCGATATTACGGTGCTGAAAGAGAAGCGTAAACGTCTGGCTATTGGTATGG,0.806,+,G-Quadruplex_detection,G4_6_6
"NC_000913.3:1-10000 Escherichia coli str. K-12 substr. MG1655, complete genome (sample: first 10kb)_G4_6_7_3380","NC_000913.3:1-10000 Escherichia coli str. K-12 substr. MG1655, complete genome (sample: first 10kb)",G-Quadruplex,Bipartite G4,3380,3435,56,GGAAATCGATATTACGGTGCTGAAAGAGAAGCGTAAACGTCTGGCTATTGGTATGG,0.806,+,G-Quadruplex_detection,G4_6_7
